Workbook

Sheet Analize
A1: ID | B1: Meritev.id | C1: Regija.id | D1: ReportDocName | E1: Opomba
A2: 1 | B2: 47894 | C2: 8 | D2: Fšfebr2026_odrasli | E2: FŠ odrasli 13.2.2026

Sheet Centili
A1: Geo_enota | B1: Test | C1: CentilXA | D1: N
A2: Slovenija | B2: 6-minutni test hoje | C2: 44.152587 | D2: 17658 | H2: Test | I2: 6-minutni test hoje
A3: Slovenija | B3: Dotikanje plošč z roko | C3: 66.618688 | D3: 23142
A4: Slovenija | B4: Indeks telesne mase | C4: 56.045713 | D4: 42291 | H4: Row Labels | I4: Average of CentilXA
A5: Slovenija | B5: Navpični skok | C5: 53.941658 | D5: 13896 | H5: Gorenjska | I5: 47.213546
A6: Slovenija | B6: Obseg pasu | C6: 33.554444 | D6: 22698 | H6: Goriška | I6: 49.275914
A7: Slovenija | B7: Predklon sede | C7: 42.063797 | D7: 24795 | H7: Jugovzhodna Slovenija | I7: 45.754394
A8: Slovenija | B8: Stisk pesti | C8: 49.446959 | D8: 38129 | H8: Koroška | I8: 38.940879
A9: Slovenija | B9: Tek na 600 m | C9: 45.529565 | D9: 2664 | H9: Obalno-kraška | I9: 42.328426
A10: Slovenija | B10: Tek v osmici | C10: 50.282761 | D10: 10698 | H10: Osrednjeslovenska | I10: 43.466272
A11: Slovenija | B11: Telesna masa | C11: 48.127581 | D11: 42345 | H11: Podravska | I11: 56.857993
A12: Slovenija | B12: Telesna višina | C12: 60.016678 | D12: 42561 | H12: Pomurska | I12: 56.042456
A13: Slovenija | B13: Upogibanje trupa | C13: 79.423231 | D13: 10983 | H13: Posavska | I13: 37.202253
A14: Slovenija | B14: Vesa v zgibi | C14: 54.874365 | D14: 6324 | H14: Primorsko-notranjska | I14: 49.362621
A15: Slovenija | B15: Upogibanje trupa | C15: 79.469977 | D15: 10902 | H15: Savinjska | I15: 52.909445
A16: Slovenija | B16: Vesa v zgibi | C16: 64.907446 | D16: 35468 | H16: Slovenija | I16: 44.152587
... A18: Gorenjska | B18: Dotikanje plošč z roko | C18: 72.237031 | D18: 978 | H18: Grand Total | I18: 46.995958
A19: Gorenjska | B19: Indeks telesne mase | C19: 54.7627 | D19: 1840
A20: Gorenjska | B20: Navpični skok | C20: 52.853249 | D20: 921
A21: Gorenjska | B21: Obseg pasu | C21: 34.876461 | D21: 915
A22: Gorenjska | B22: Predklon sede | C22: 40.964293 | D22: 1640
A23: Gorenjska | B23: Stisk pesti | C23: 55.165542 | D23: 2235
A24: Gorenjska | B24: Tek na 600 m | C24: 46.878552 | D24: 128
A25: Gorenjska | B25: Tek v osmici | C25: 45.503812 | D25: 894
A26: Gorenjska | B26: Telesna masa | C26: 49.966187 | D26: 1840
A27: Gorenjska | B27: Telesna višina | C27: 62.248543 | D27: 1870
A28: Gorenjska | B28: Upogibanje trupa | C28: 78.480495 | D28: 909
A29: Gorenjska | B29: Vesa v zgibi | C29: 54.949696 | D29: 384
A30: Goriška | B30: 6-minutni test hoje | C30: 49.275914 | D30: 415
... A172: Zasavska | B172: Vesa v zgibi | C172: 39.431535 | D172: 22

Sheet Cone
A1: Geo_enota | B1: Test | C1: Zdravo | D1: Mejno | E1: Tvegano | F1: sum | G1: =C1&"%" -> Zdravo% | H1: =D1&"%" -> Mejno% | I1: =E1&"%" -> Tvegano%
A2: Slovenija | B2: 6-minutni test hoje | C2: 1424 | D2: 491 | E2: 631 | F2: =SUM(C2:E2) -> 2546 | G2: =C2/$F2 -> 0.55930872 | H2: =D2/$F2 -> 0.19285153 | I2: =E2/$F2 -> 0.24783975 | K2: Test | L2: 6-minutni test hoje
A3: Slovenija | B3: Dotikanje plošč z roko | C3: 3050 | D3: 293 | E3: 107 | F3: =SUM(C3:E3) -> 3450 | G3: =C3/$F3 -> 0.88405797 | H3: =D3/$F3 -> 0.084927536 | I3: =E3/$F3 -> 0.031014493
A4: Slovenija | B4: Indeks telesne mase | C4: 1912 | D4: 915 | E4: 1332 | F4: =SUM(C4:E4) -> 4159 | G4: =C4/$F4 -> 0.4597259 | H4: =D4/$F4 -> 0.22000481 | I4: =E4/$F4 -> 0.3202693 | K4: Row Labels | L4: Average of Tvegano% | M4: Average of Mejno%
A5: Slovenija | B5: Navpični skok | C5: 2274 | D5: 547 | E5: 236 | F5: =SUM(C5:E5) -> 3057 | G5: =C5/$F5 -> 0.74386654 | H5: =D5/$F5 -> 0.1789336 | I5: =E5/$F5 -> 0.077199869 | K5: Gorenjska | L5: 0.18644068 | M5: 0.16949153
A6: Slovenija | B6: Obseg pasu | C6: 1280 | D6: 419 | E6: 1709 | F6: =SUM(C6:E6) -> 3408 | G6: =C6/$F6 -> 0.37558685 | H6: =D6/$F6 -> 0.12294601 | I6: =E6/$F6 -> 0.50146714 | K6: Goriška | L6: 0.21794872 | M6: 0.17948718
A7: Slovenija | B7: Predklon sede | C7: 2105 | D7: 1082 | E7: 664 | F7: =SUM(C7:E7) -> 3851 | G7: =C7/$F7 -> 0.54661127 | H7: =D7/$F7 -> 0.28096598 | I7: =E7/$F7 -> 0.17242275 | K7: Jugovzhodna Slovenija | L7: 0.25490196 | M7: 0.14705882
A8: Slovenija | B8: Stisk pesti | C8: 3903 | D8: 205 | E8: 90 | F8: =SUM(C8:E8) -> 4198 | G8: =C8/$F8 -> 0.92972844 | H8: =D8/$F8 -> 0.048832778 | I8: =E8/$F8 -> 0.02143878 | K8: Koroška | L8: 0.39473684 | M8: 0.15789474
A9: Slovenija | B9: Tek na 600 m | C9: 221 | D9: 116 | E9: 469 | F9: =SUM(C9:E9) -> 806 | G9: =C9/$F9 -> 0.27419355 | H9: =D9/$F9 -> 0.1439206 | I9: =E9/$F9 -> 0.58188586 | K9: Obalno-kraška | L9: 0.32307692 | M9: 0.092307692
A10: Slovenija | B10: Tek v osmici | C10: 1505 | D10: 308 | E10: 1347 | F10: =SUM(C10:E10) -> 3160 | G10: =C10/$F10 -> 0.47626582 | H10: =D10/$F10 -> 0.097468354 | I10: =E10/$F10 -> 0.42626582 | K10: Osrednjeslovenska | L10: 0.24878049 | M10: 0.20325203
A11: Slovenija | B11: Upogibanje trupa | C11: 3005 | D11: 106 | E11: 158 | F11: =SUM(C11:E11) -> 3269 | G11: =C11/$F11 -> 0.91924136 | H11: =D11/$F11 -> 0.032425818 | I11: =E11/$F11 -> 0.048332823 | K11: Podravska | L11: 0.14516129 | M11: 0.19354839
A12: Slovenija | B12: Vesa v zgibi | C12: 1051 | D12: 158 | E12: 105 | F12: =SUM(C12:E12) -> 1314 | G12: =C12/$F12 -> 0.79984779 | H12: =D12/$F12 -> 0.12024353 | I12: =E12/$F12 -> 0.079908676 | K12: Pomurska | L12: 0.23684211 | M12: 0.21052632
A13: Gorenjska | B13: 6-minutni test hoje | C13: 76 | D13: 20 | E13: 22 | F13: =SUM(C13:E13) -> 118 | G13: =C13/$F13 -> 0.6440678 | H13: =D13/$F13 -> 0.16949153 | I13: =E13/$F13 -> 0.18644068 | K13: Posavska | L13: 0.19379845 | M13: 0.27906977
A14: Gorenjska | B14: Dotikanje plošč z roko | C14: 236 | D14: 22 | E14: 3 | F14: =SUM(C14:E14) -> 261 | G14: =C14/$F14 -> 0.90421456 | H14: =D14/$F14 -> 0.084291188 | I14: =E14/$F14 -> 0.011494253 | K14: Primorsko-notranjska | L14: 0.14285714 | M14: 0.14285714
A15: Gorenjska | B15: Indeks telesne mase | C15: 139 | D15: 65 | E15: 84 | F15: =SUM(C15:E15) -> 288 | G15: =C15/$F15 -> 0.48263889 | H15: =D15/$F15 -> 0.22569444 | I15: =E15/$F15 -> 0.29166667 | K15: Savinjska | L15: 0.203125 | M15: 0.2109375
A16: Gorenjska | B16: Navpični skok | C16: 173 | D16: 55 | E16: 16 | F16: =SUM(C16:E16) -> 244 | G16: =C16/$F16 -> 0.70901639 | H16: =D16/$F16 -> 0.22540984 | I16: =E16/$F16 -> 0.06557377 | K16: Slovenija | L16: 0.24783975 | M16: 0.19285153
... A18: Gorenjska | B18: Predklon sede | C18: 145 | D18: 91 | E18: 63 | F18: =SUM(C18:E18) -> 299 | G18: =C18/$F18 -> 0.48494983 | H18: =D18/$F18 -> 0.30434783 | I18: =E18/$F18 -> 0.21070234 | K18: Grand Total | L18: 0.2325217 | M18: 0.19211265
A19: Gorenjska | B19: Stisk pesti | C19: 297 | D19: 14 | E19: 4 | F19: =SUM(C19:E19) -> 315 | G19: =C19/$F19 -> 0.94285714 | H19: =D19/$F19 -> 0.044444444 | I19: =E19/$F19 -> 0.012698413
A20: Gorenjska | B20: Tek na 600 m | C20: 29 | D20: 10 | E20: 72 | F20: =SUM(C20:E20) -> 111 | G20: =C20/$F20 -> 0.26126126 | H20: =D20/$F20 -> 0.09009009 | I20: =E20/$F20 -> 0.64864865
A21: Gorenjska | B21: Tek v osmici | C21: 125 | D21: 29 | E21: 83 | F21: =SUM(C21:E21) -> 237 | G21: =C21/$F21 -> 0.52742616 | H21: =D21/$F21 -> 0.12236287 | I21: =E21/$F21 -> 0.35021097
A22: Gorenjska | B22: Upogibanje trupa | C22: 225 | D22: 7 | E22: 11 | F22: =SUM(C22:E22) -> 243 | G22: =C22/$F22 -> 0.92592593 | H22: =D22/$F22 -> 0.028806584 | I22: =E22/$F22 -> 0.04526749
A23: Gorenjska | B23: Vesa v zgibi | C23: 114 | D23: 12 | E23: 11 | F23: =SUM(C23:E23) -> 137 | G23: =C23/$F23 -> 0.83211679 | H23: =D23/$F23 -> 0.087591241 | I23: =E23/$F23 -> 0.080291971
A24: Goriška | B24: 6-minutni test hoje | C24: 47 | D24: 14 | E24: 17 | F24: =SUM(C24:E24) -> 78 | G24: =C24/$F24 -> 0.6025641 | H24: =D24/$F24 -> 0.17948718 | I24: =E24/$F24 -> 0.21794872
A25: Goriška | B25: Dotikanje plošč z roko | C25: 73 | D25: 9 | E25: 1 | F25: =SUM(C25:E25) -> 83 | G25: =C25/$F25 -> 0.87951807 | H25: =D25/$F25 -> 0.10843373 | I25: =E25/$F25 -> 0.012048193
A26: Goriška | B26: Indeks telesne mase | C26: 56 | D26: 19 | E26: 31 | F26: =SUM(C26:E26) -> 106 | G26: =C26/$F26 -> 0.52830189 | H26: =D26/$F26 -> 0.17924528 | I26: =E26/$F26 -> 0.29245283
A27: Goriška | B27: Navpični skok | C27: 60 | D27: 15 | E27: 2 | F27: =SUM(C27:E27) -> 77 | G27: =C27/$F27 -> 0.77922078 | H27: =D27/$F27 -> 0.19480519 | I27: =E27/$F27 -> 0.025974026
A28: Goriška | B28: Obseg pasu | C28: 26 | D28: 10 | E28: 43 | F28: =SUM(C28:E28) -> 79 | G28: =C28/$F28 -> 0.32911392 | H28: =D28/$F28 -> 0.12658228 | I28: =E28/$F28 -> 0.5443038
A29: Goriška | B29: Predklon sede | C29: 69 | D29: 25 | E29: 27 | F29: =SUM(C29:E29) -> 121 | G29: =C29/$F29 -> 0.57024793 | H29: =D29/$F29 -> 0.20661157 | I29: =E29/$F29 -> 0.2231405
A30: Goriška | B30: Stisk pesti | C30: 112 | D30: 6 | E30: 1 | F30: =SUM(C30:E30) -> 119 | G30: =C30/$F30 -> 0.94117647 | H30: =D30/$F30 -> 0.050420168 | I30: =E30/$F30 -> 0.0084033613
... A144: Zasavska | B144: Vesa v zgibi | C144: 8 | D144: 1 | E144: 1 | F144: =SUM(C144:E144) -> 10 | G144: =C144/$F144 -> 0.8 | H144: =D144/$F144 -> 0.1 | I144: =E144/$F144 -> 0.1

Sheet Pošte
A1: ID | B1: Code | C1: Name | D1: Regija | E1: Regija.id | F1: sql
A2: 190 | B2: 1000 | C2: Ljubljana | D2: Osrednjeslovenska | E2: =_xlfn.XLOOKUP(D2,Regije!B:B,Regije!A:A) -> 8 | F2: ="update postalCodes set RegionID="&E2&" where code="&B2&";" -> update postalCodes set RegionID=8 where code=1000;
A3: 191 | B3: 1001 | C3: Ljubljana - poštni predali | D3: Osrednjeslovenska | E3: =_xlfn.XLOOKUP(D3,Regije!B:B,Regije!A:A) -> 8 | F3: ="update postalCodes set RegionID="&E3&" where code="&B3&";" -> update postalCodes set RegionID=8 where code=1001;
A4: 195 | B4: 1002 | C4: Ljubljana - poštni center | D4: Osrednjeslovenska | E4: =_xlfn.XLOOKUP(D4,Regije!B:B,Regije!A:A) -> 8 | F4: ="update postalCodes set RegionID="&E4&" where code="&B4&";" -> update postalCodes set RegionID=8 where code=1002;
A5: 196 | B5: 1210 | C5: Ljubljana - Šentvid | D5: Osrednjeslovenska | E5: =_xlfn.XLOOKUP(D5,Regije!B:B,Regije!A:A) -> 8 | F5: ="update postalCodes set RegionID="&E5&" where code="&B5&";" -> update postalCodes set RegionID=8 where code=1210;
A6: 197 | B6: 1211 | C6: Ljubljana - Šmartno | D6: Osrednjeslovenska | E6: =_xlfn.XLOOKUP(D6,Regije!B:B,Regije!A:A) -> 8 | F6: ="update postalCodes set RegionID="&E6&" where code="&B6&";" -> update postalCodes set RegionID=8 where code=1211;
A7: 225 | B7: 1215 | C7: Medvode | D7: Osrednjeslovenska | E7: =_xlfn.XLOOKUP(D7,Regije!B:B,Regije!A:A) -> 8 | F7: ="update postalCodes set RegionID="&E7&" where code="&B7&";" -> update postalCodes set RegionID=8 where code=1215;
A8: 349 | B8: 1216 | C8: Smlednik | D8: Osrednjeslovenska | E8: =_xlfn.XLOOKUP(D8,Regije!B:B,Regije!A:A) -> 8 | F8: ="update postalCodes set RegionID="&E8&" where code="&B8&";" -> update postalCodes set RegionID=8 where code=1216;
A9: 447 | B9: 1217 | C9: Vodice | D9: Osrednjeslovenska | E9: =_xlfn.XLOOKUP(D9,Regije!B:B,Regije!A:A) -> 8 | F9: ="update postalCodes set RegionID="&E9&" where code="&B9&";" -> update postalCodes set RegionID=8 where code=1217;
A10: 154 | B10: 1218 | C10: Komenda | D10: Osrednjeslovenska | E10: =_xlfn.XLOOKUP(D10,Regije!B:B,Regije!A:A) -> 8 | F10: ="update postalCodes set RegionID="&E10&" where code="&B10&";" -> update postalCodes set RegionID=8 where code=1218;
A11: 180 | B11: 1219 | C11: Laze v Tuhinju | D11: Osrednjeslovenska | E11: =_xlfn.XLOOKUP(D11,Regije!B:B,Regije!A:A) -> 8 | F11: ="update postalCodes set RegionID="&E11&" where code="&B11&";" -> update postalCodes set RegionID=8 where code=1219;
A12: 240 | B12: 1221 | C12: Motnik | D12: Osrednjeslovenska | E12: =_xlfn.XLOOKUP(D12,Regije!B:B,Regije!A:A) -> 8 | F12: ="update postalCodes set RegionID="&E12&" where code="&B12&";" -> update postalCodes set RegionID=8 where code=1221;
A13: 423 | B13: 1222 | C13: Trojane | D13: Osrednjeslovenska | E13: =_xlfn.XLOOKUP(D13,Regije!B:B,Regije!A:A) -> 8 | F13: ="update postalCodes set RegionID="&E13&" where code="&B13&";" -> update postalCodes set RegionID=8 where code=1222;
... A484: 479 | B484: 9999 | C484: (tujina) | D484: Tujina | E484: =_xlfn.XLOOKUP(D484,Regije!B:B,Regije!A:A) -> #N/A | F484: ="update postalCodes set RegionID="&E484&" where code="&B484&";" -> #N/A

Sheet Regije
A1: ID | B1: Name | E1: x1 | F1: x2
A2: 9 | B2: Gorenjska | E2: Gorenjska | F2: 45
A3: 11 | B3: Goriška | E3: Goriška | F3: 43
A4: 7 | B4: Jugovzhodna Slovenija | E4: Jugovzhodna Slovenija | F4: 47
A5: 3 | B5: Koroška | E5: Koroška | F5: 19
A6: 12 | B6: Obalno-kraška | E6: Obalno-kraška | F6: 27
A7: 8 | B7: Osrednjeslovenska | E7: Osrednjeslovenska | F7: 61
A8: 2 | B8: Podravska | E8: Podravska | F8: 79
A9: 1 | B9: Pomurska | E9: Pomurska | F9: 37
A10: 6 | B10: Posavska | E10: Posavska | F10: 30
A11: 10 | B11: Primorsko-notranjska | E11: Primorsko-notranjska | F11: 17
A12: 4 | B12: Savinjska | E12: Savinjska | F12: 64
A13: 5 | B13: Zasavska | E13: Zasavska | F13: 9

Sheet Uvod
A1: Datum | B1: IzvajalecNaziv | C1: Administrator | D1: BaterijaTestovIme | E1: RegijaName | F1: Merjencev
A2: 13. 02. 2026 00:00:00 | B2: Fakulteta za šport, UL | C2: Premelč Jerneja | D2: Telesna zmogljivost odrasli + VZG in T600 | E2: Osrednjeslovenska | F2: 18
