Workbook

Sheet Analize
A1: ID | B1: Meritev.id | C1: Regija.id | D1: ReportDocName | E1: Opomba
A2: 1 | B2: 47894 | C2: 8 | D2: Fšfebr2026_odrasli | E2: FŠ odrasli 13.2.2026

Sheet Pošte
A1: ID | B1: Code | C1: Name | D1: Regija | E1: Regija.id
A2: 190 | B2: 1000 | C2: Ljubljana | D2: Osrednjeslovenska | E2: =_xlfn.XLOOKUP(D2,Regije!B:B,Regije!A:A) -> 8
A3: 191 | B3: 1001 | C3: Ljubljana - poštni predali | D3: Osrednjeslovenska | E3: =_xlfn.XLOOKUP(D3,Regije!B:B,Regije!A:A) -> 8
A4: 195 | B4: 1002 | C4: Ljubljana - poštni center | D4: Osrednjeslovenska | E4: =_xlfn.XLOOKUP(D4,Regije!B:B,Regije!A:A) -> 8
A5: 196 | B5: 1210 | C5: Ljubljana - Šentvid | D5: Osrednjeslovenska | E5: =_xlfn.XLOOKUP(D5,Regije!B:B,Regije!A:A) -> 8
A6: 197 | B6: 1211 | C6: Ljubljana - Šmartno | D6: Osrednjeslovenska | E6: =_xlfn.XLOOKUP(D6,Regije!B:B,Regije!A:A) -> 8
A7: 225 | B7: 1215 | C7: Medvode | D7: Osrednjeslovenska | E7: =_xlfn.XLOOKUP(D7,Regije!B:B,Regije!A:A) -> 8
A8: 349 | B8: 1216 | C8: Smlednik | D8: Osrednjeslovenska | E8: =_xlfn.XLOOKUP(D8,Regije!B:B,Regije!A:A) -> 8
A9: 447 | B9: 1217 | C9: Vodice | D9: Osrednjeslovenska | E9: =_xlfn.XLOOKUP(D9,Regije!B:B,Regije!A:A) -> 8
A10: 154 | B10: 1218 | C10: Komenda | D10: Osrednjeslovenska | E10: =_xlfn.XLOOKUP(D10,Regije!B:B,Regije!A:A) -> 8
A11: 180 | B11: 1219 | C11: Laze v Tuhinju | D11: Osrednjeslovenska | E11: =_xlfn.XLOOKUP(D11,Regije!B:B,Regije!A:A) -> 8
A12: 240 | B12: 1221 | C12: Motnik | D12: Osrednjeslovenska | E12: =_xlfn.XLOOKUP(D12,Regije!B:B,Regije!A:A) -> 8
A13: 423 | B13: 1222 | C13: Trojane | D13: Osrednjeslovenska | E13: =_xlfn.XLOOKUP(D13,Regije!B:B,Regije!A:A) -> 8
... A484: 479 | B484: 9999 | C484: (tujina) | D484: Tujina | E484: =_xlfn.XLOOKUP(D484,Regije!B:B,Regije!A:A) -> #N/A

Sheet Centili
A1: Geo_enota | B1: Test | C1: CentilXA
A2: Slovenija | B2: Indeks telesne mase | C2: 50
A3: Gorenjska | B3: Indeks telesne mase | C3: 45.7

Sheet Cone
A1: Geo_enota | B1: Test | C1: Zdravo | D1: Mejno | E1: Tvegano | F1: sum | G1: =C1&"%" -> Zdravo% | H1: =D1&"%" -> Mejno% | I1: =E1&"%" -> Tvegano%
A2: Slovenija | B2: Indeks telesne mase | C2: 6666 | D2: 3333 | E2: 1111 | F2: =SUM(C2:E2) -> 11110 | G2: =C2/$F2 -> 0.6 | H2: =D2/$F2 -> 0.3 | I2: =E2/$F2 -> 0.1
A3: Gorenjska | B3: Indeks telesne mase | C3: 555 | D3: 222 | E3: 55 | F3: =SUM(C3:E3) -> 832 | G3: =C3/$F3 -> 0.66706731 | H3: =D3/$F3 -> 0.26682692 | I3: =E3/$F3 -> 0.066105769

Sheet Testi
A1: ID | B1: Sifra | C1: Ime | D1: Enota | E1: Decimalk | F1: VisjiBoljsi | G1: Opis | H1: Formula | I1: KratekOpis | J1: DaljsiOpis | K1: Slika | L1: Url | M1: KratekOpisPrikaz | N1: DovoljenVnos | O1: Sirina | P1: PorociloOpis | Q1: ImaCone | R1: GrafYminM | S1: GrafYmaxM | T1: GrafYminZ | U1: GrafYmaxZ | V1: GrafYStep | W1: Ikona | Z1: Order
A2: 1 | B2: ATV | C2: Telesna višina | D2: cm | E2: 1 | F2: -1 | I2: <p style="text-align: justify;"><strong>TELESNA VIŠINA</strong> nam daje podatek o dolžinski razsežnosti telesa. V obdobju otroštva telesna višina ves čas raste, z zaključkom adolescence pa se rast ustavi. V odrasli dobi telesna višina ostane konstantna, čeprav dnevno niha predvsem zaradi hidracije vretenčnih diskov. Tekom dneva so posamezniki najvišji zjutraj, najnižji pa zvečer. V odrasli dobi je nižanje telesne višine pokazatelj degenerativnih sprememb hrbtenice. Telesna višina skupaj z drugimi telesnimi merami omogoča oceniti stanje prehranjenosti in določiti morebiten negativen vpliv na nekatere motorične teste.</p> | J2: <p style="text-align: justify;">Merjenec je bos, stoji vzravnano, stopala ima vzporedno drugo ob drugem. Glavo ima v položaju, v katerem je črta, ki veže spodnji rob očesne orbite in zgornji rob slušne odprtine, vodoravna. Merilec stoji na levi strani merjenca in pazi, da je antropometer navpično (pravokotno na podlago) ter neposredno vzdolž merjenčevega hrbta. Otipa antropometrično točko na temenu merjenca (vertex &ndash; najvišja točka na lobanji), nato pa spusti vodoravno prečko na teme merjenca in odčita rezultat na 1 mm natančno.</p> | K2: ~//Portals/MojSlofit//SlikeTestov/visina340e01e0.jpg | L2: https://www.slofit.org/SVK-porocilo#ATV | M2: <p><strong>Telesna višina</strong><br /> Vpišite rezultat v milimetrih, npr. 135,7 cm vpišite kot 1357.</p> | O2: 4 | P2: <div><b>Telesna višina</b> nam daje podatek o dolžini telesa. V odrasli dobi je nižanje telesne višine pokazatelj degenerativnih sprememb hrbtenice. Telesna višina skupaj z drugimi telesnimi merami omogoča oceniti stanje prehranjenosti in določiti morebiten negativen vpliv na nekatere gibalne naloge.</div> | W2: ~//Portals/MojSlofit//IkoneTestov/ico-atv84cab2ad.svg | Z2: 1
A3: 2 | B3: ATT | C3: Telesna masa | D3: kg | E3: 1 | F3: -1 | I3: <p style="text-align: justify;"><strong>TELESNA MASA</strong> nam daje podatek o skupni masi telesa. Posameznikova telesna masa se spreminja od rojstva naprej, priporočljivo pa je, da po končanem obdobju rasti zdravo telesno maso ohranjamo na približno enaki ravniskozi vse življenje. Grobo merilo zdrave telesne mase dobimo, če od telesne višine odštejemo 100. Telesna masa skupaj z drugimi telesnimi merami omogoča oceniti stanje prehranjenosti.</p> | J3: <p style="text-align: justify;">Tehtnica mora stati na vodoravni podlagi. Merjenec je bos in oblečen v lahka športna oblačila. Stopi na sredino tehtnice in mirno stoji. Merilec odčita rezultat z natančnostjo 0,1 kg. Tiste, ki želijo pri merjenju zasebnost, izmerimo v posebnem prostoru, kjer ni drugih merjencev.</p> | K3: ~//Portals/MojSlofit//SlikeTestov/masa0bf726a1.jpg | L3: https://www.slofit.org/SVK-porocilo#ATT | M3: <p><strong>Telesna teža</strong><br /> Vpišite rezultat na 0,1 kg natančno brez decimalke, npr. 34,5 kg vpišite kot 345.</p> | O3: 4 | P3: <div><b>Telesna masa</b> nam daje podatek o skupni masi telesa. Posameznikova telesna masa se spreminja od rojstva naprej, priporočljivo pa je, da po končanem obdobju rasti zdravo telesno maso ohranjamo na približno enaki ravni vse življenje. Telesna masa skupaj z drugimi telesnimi merami omogoča oceniti stanje prehranjenosti.</div> | W3: ~//Portals/MojSlofit//IkoneTestov/ico-atta65b6ae8.svg | Z3: 2
A4: 3 | B4: AKG | C4: Kožna guba nadlahti | D4: mm | E4: 0 | F4: 0 | I4: <p style="text-align: justify;"><strong>KOŽNA GUBA NADLAHTI</strong> nam daje podatek o maščobni masi. Ta se spreminja od rojstva naprej, v adolescenci se maščobna masa pri dekletih poveča bolj kot pri fantih. Visoke vrednosti kožne gube nadlahti so znak prekomerne prehranjenosti posameznika, ki povečuje zdravstveno tveganje z vidika obolevanja za srčno-žilnimi boleznimi, diabetesom tipa 2 ter nekaterih vrst rakavih obolenj.</p> | J4: <p style="text-align: justify;">Merjenec, ki je v vadbenem oblačilu s kratkimi rokavi, stoji vzravnano s sproščenimi rokami. Merilec s palcem in kazalcem, naravnanima vzdolž, dvigne kožno gubo na sredini zadnje strani (nad tricepsom) leve nadlahti. Kožno gubo nato stisne s prsti in z vrhovoma krakov kaliperja in ob pritisku 1 bara odčita rezultat z natančnostjo 1 mm. Tiste, ki želijo pri merjenju zasebnost, izmerimo v posebnem prostoru, kjer ni drugih merjencev.</p> | K4: ~//Portals/MojSlofit//SlikeTestov/kozna-guba2444c927.jpg | L4: https://www.slofit.org/SVK-porocilo#AKG | M4: <p><strong>Kožna guba</strong><br /> Vpišite v milimetrih.</p> | O4: 4 | P4: <div><b>Kožna guba nadlahti</b> nam daje podatek o maščobni masi. Ta se spreminja od rojstva naprej, v adolescenci se maščobna masa pri dekletih poveča bolj kot pri fantih. Visoke vrednosti kožne gube nadlahti so znak prekomerne prehranjenosti posameznika, ki povečuje zdravstveno tveganje z vidika obolevanja za srčno-žilnimi boleznimi, diabetesom tipa 2 ter nekaterih vrst rakavih obolenj.</div> | W4: ~//Portals/MojSlofit//IkoneTestov/ico-akg400063d6.svg | Z4: 3
A5: 4 | B5: DPR | C5: Dotikanje plošč z roko | D5: pon. | E5: 0 | F5: 1 | I5: <p style="text-align: justify;"><strong>DOTIKANJE PLOŠČ Z ROKO</strong> nam daje podatek o hitrosti izmeničnih gibov rok, ki kaže tudi na sposobnost hitrega prenašanja impulzov našega živčnega sistema ter njegovega utrujanja. Nižje vrednosti te merske naloge lahko nakazujejo na slabšo prevodnost živčnega sistema, na prenizek mišični tonus mišic rok in ramenskega obroča ali stabilizatorjev trupa, ki rokam dajejo oporo.</p> | J5: <p style="text-align: justify;">Merjenec sedi na stolu za mizo, na kateri je deska s ploščama. Višina stola naj bo takšna, da merjenec sedi udobno (med stegni in golenmi je pravi kot, stopala pa se opirajo na tla). Nedominantno roko položi na sredino med plošči, drugo roko pa na ploščo na nasprotni strani. Na znamenje &quot;zdaj&quot; se začne z dominantno roko izmenoma kar najhitreje dotikati obeh plošč. Nalogo opravlja 20 sekund. Vsak dotik obeh plošč šteje eno točko. Zadostuje, da se merjenec dotakne plošče le s konico prsta.</p> | K5: ~//Portals/MojSlofit//SlikeTestov/taping3bda9d10.jpg | L5: https://www.slofit.org/SVK-porocilo#DPR | M5: <p><strong>Dotikanje plošč z roko</strong><br /> Vpišite število ponovitev v 20 sekundah.<br /> Vsak dotik *obeh* plošč šteje kot ena ponovitev.</p> | O5: 4 | P5: <div><b>Dotikanje plošč z roko</b> nam daje podatek o hitrosti izmeničnih gibov rok ter kaže na sposobnost hitrega prenašanja impulzov našega živčnega sistema in kako se utrudijo. Nižje vrednosti te merske naloge lahko nakazujejo na slabšo prevodnost živčnega sistema, prenizek tonus mišic rok in ramenskega obroča ali stabilizatorjev trupa, ki rokam dajejo oporo.</div> | W5: ~//Portals/MojSlofit//IkoneTestov/ico-dprfa8c9b9c.svg | Z5: 4
A6: 5 | B6: SDM | C6: Skok v daljino z mesta | D6: cm | E6: 0 | F6: 1 | I6: <p style="text-align: justify;"><strong>SKOK V DALJINO Z MESTA</strong> nam daje podatek o eksplozivni moči nog, ki kaže na našo sposobnost proizvajanja maksimalne sile. Nižje vrednosti te merske naloge lahko nakazujejo na premajhno mišično moč stegenskih mišic ali slabšo koordinacijo rok in nog pri odrivu.</p> | J6: <p style="text-align: justify;">Odskočišče in doskočišče morata biti v isti ravnini na blazini ali posebni preprogi za merjenje skoka v daljino. Mesto odriva je označeno s črto. Merjenec je bos ali obut. Pred odrivom se lahko vzpne na prste, ne sme pa izvesti odriva s poprejšnjim poskokom. S sonožnim odrivom in s pomočjo zamaha z rokami skoči čim dlje. Če odtisi stopal pri doskoku niso jasno vidni, si merjenec pete namaže s kredo ali magnezijo. Merjenec opravi tri skoke, zabeležimo le najdaljšega. Merilec odčita rezultat na 1 cm natančno.</p> | K6: ~//Portals/MojSlofit//SlikeTestov/daljina2a77f6d6.jpg | L6: https://www.slofit.org/SVK-porocilo#SDM | M6: <p><strong>Skok v daljino z mesta</strong><br /> Vpišite v centimetrih, npr. 2m vnesete kot 200.</p> | O6: 4 | P6: <div><b>Skok v daljino z mesta</b> nam daje podatek o eksplozivni moči nog, ki kaže na našo sposobnost proizvajanja maksimalne sile. Nižje vrednosti te merske naloge lahko nakazujejo na premajhno mišično moč stegenskih mišic ali slabšo koordinacijo rok in nog pri odrivu.</div> | W6: ~//Portals/MojSlofit//IkoneTestov/ico-sdm2e04f6d0.svg | Z6: 5
A7: 6 | B7: PON | C7: Poligon nazaj | D7: s | E7: 1 | F7: 0 | I7: <p style="text-align: justify;"><strong>POLIGON NAZAJ</strong> nam daje podatek o koordinaciji gibanja v prostoru, ki kaže na sposobnost regulacije gibanja v prostoru v neobičajnih situacijah. Visoke vrednosti te merske naloge nakazujejo na nižjo sposobnost medsebojnega koordiniranja gibanja različnih delov telesa, kar povečuje tveganje poškodb pri reševanju nepričakovanih gibalnih situacij.</p> | J7: <p>Meritev izvajamo bosi ali obuti na 10-metrskem poligonu. Tri metre od startne črte stoji spodnji del švedske skrinje, na njem pa še oblazinjen pokrov skrinje (višina in širina skrinje je 50 cm +/- 2 cm). Šest metrov od startne črte stoji okvir švedske skrinje, ki meri v globino 23 cm.</p> <p>Merjenec se postavi na vse štiri, tako da so njegova stopala tik pred startno črto; s hrbtom je obrnjen proti zaprekam. Teža telesa je enakomerno porazdeljena na roke in noge. Naloga merjenca je, da po znaku &quot;zdaj&quot; s hojo nazaj po vseh štirih (z dlanmi ne sme drseti) preide prostor med označenima črtama. Prvo zapreko mora preplezati, skozi okvir pa zleze. Med izvajanjem naloge lahko merjenec gleda nazaj med nogami, ne sme pa niti za hip obrniti glave. Če merjenec kljub opozorilu obrača glavo ali če podre okvir, se merjenje prekine in nalogo ponovi. Merjenci nalogo enkrat preskusijo brez merjenja časa. Merilec meri čas na 0,1 sekundo natančno od znaka &quot;zdaj&quot; do prehoda z obema rokama prek ciljne črte.</p> | K7: ~//Portals/MojSlofit//SlikeTestov/poligon_nazaj.jpg | L7: https://www.slofit.org/SVK-porocilo#PON | M7: <p><strong>Premagovanje ovir/poligon nazaj</strong><br /> Vpišite v desetinkah sekunde, npr. 11,3 s vpišite kot 113.</p> | O7: 4 | P7: <div><b>Poligon nazaj</b> nam daje podatek o koordinaciji gibanja v prostoru, ki kaže na sposobnost regulacije gibanja v prostoru v neobičajnih situacijah. Visoke vrednosti te merske naloge nakazujejo na nižjo sposobnost medsebojnega koordiniranja gibanja različnih delov telesa, kar povečuje tveganje poškodb pri reševanju nepričakovanih gibalnih situacij.</div> | W7: ~//Portals/MojSlofit//IkoneTestov/ico-ponfaca2bc6.svg | Z7: 6
A8: 7 | B8: DT | C8: Dviganje trupa | D8: pon. | E8: 0 | F8: 1 | I8: <p style="text-align: justify;"><strong>DVIGANJE TRUPA</strong> nam daje podatek o moči in vzdržljivosti mišičja trupa, predvsem upogibalk kolka in abdominalnega mišičja. Nizke vrednosti te merske naloge kažejo na zmanjšano moč mišičja, ki je pomembno za stabilizacijo trupa in ohranjanje zdrave telesne drže.</p> | J8: <p>Merjenec leži na blazini na hrbtu, s pokrčenimi nogami pod pravim kotom, stopala ima v stiku s podlago, merilec pa drži njegove gležnje. Roke ima prekrižane na prsih, dlani pa na nasprotnih ramenih.</p> <p style="text-align: justify;">Izvajanje naloge se začne na merilčev znak, merjenec pa se poskuša v 60-ih sekundah čim večkrat dvigniti iz ležečega v sedeči položaj in spustiti nazaj v ležečega. Pri tem rok ne sme odmakniti od prsi. Posamezni dvig v sed je končan, ko se s komolci dotakne stegna, v začetni položaj pa se vrača tako dolgo, dokler se s sredino hrbta ne dotakne podlage. Rezultat je število pravilno izvedenih dvigov v 60-ih sekundah. Med posameznimi ponovitvami so dovoljeni odmori.</p> | K8: ~//Portals/MojSlofit//SlikeTestov/dviganje_trupa8b418a7f.jpg | L8: https://www.slofit.org/SVK-porocilo#DT | M8: <p><strong>Dvigovanje trupa</strong><br /> Vpišite število dvigov v 60 sekundah.</p> | O8: 4 | P8: <div><b>Dviganje trupa</b> nam daje podatek o moči in vzdržljivosti mišičja trupa, predvsem upogibalk kolka in abdominalnega mišičja. Nizke vrednosti te merske naloge kažejo na zmanjšano moč mišičja, ki je pomembno za stabilizacijo trupa in ohranjanje zdrave telesne drže.</div> | W8: ~//Portals/MojSlofit//IkoneTestov/ico-dtb89dcc78.svg | Z8: 7
A9: 8 | B9: PRE | C9: Predklon na klopci | D9: cm | E9: 0 | F9: 1 | I9: <p style="text-align: justify;"><strong>PREDKLON NA KLOPCI</strong> nam daje podatek o gibljivosti nog in spodnjega dela hrbtenice. Nizke vrednosti te merske naloge kažejo na prekratke zadnje stegenske mišice, kar predstavlja povišano tveganje poškodb pri sunkovitih gibih nog ter nezmožnost izvajanja gibanj nog s celotno amplitudo, pa tudi na zmanjšano gibljivost spodnjega dela hrbtenice. Hkrati je nizek rezultat tega testa lahko pokazatelj izpostavljenosti povišanem stresu, ki povečuje mišični tonus. Grobo merilo ustrezne gibljivosti nog in spodnjega dela hrbtenice je sposobnost, da smo se ob stegnjenih nogah sposobni s prsti rok dotakniti prstov nog.</p> | J9: <p style="text-align: justify;">Merjenec bos stoji na klopci s stegnjenimi nogami, stopala so vzporedno. Izvede predklon in pri tem kar najgloblje potisne deščico, ki jo drži merilec ob lesenem merilu. Končni položaj zadrži dve sekundi. Naloge ne sme izvajati s sunkom ali zamahom. Rezultat je položaj deščice, odčitan na navpičnem merilu v cm. Merjenec izvaja nalogo dvakrat. Vpišemo boljši dosežek od obeh poskusov.</p> | K9: ~//Portals/MojSlofit//SlikeTestov/predklon83a16e3e.jpg | L9: https://www.slofit.org/SVK-porocilo#PRE | M9: <p><strong>Predklon na klopci</strong><br /> Vpišite rezultat v celih centimetrih.</p> | O9: 4 | P9: <div><b>Predklon na klopci</b> nam daje podatek o gibljivosti nog in spodnjega dela hrbtenice. Nizke vrednosti te merske naloge kažejo na prekratke zadnje stegenske mišice, kar predstavlja povišano tveganje poškodb pri sunkovitih gibih nog ter nezmožnost izvajanja gibanj nog s celotno amplitudo, pa tudi na zmanjšano gibljivost spodnjega dela hrbtenice. Hkrati je nizek rezultat tega testa lahko pokazatelj izpostavljenosti povišanem stresu, ki povečuje mišični tonus. Grobo merilo ustrezne gibljivosti nog in spodnjega dela hrbtenice je sposobnost, da smo se ob stegnjenih nogah sposobni s prsti rok dotakniti prstov nog.</div> | W9: ~//Portals/MojSlofit//IkoneTestov/ico-pre1cc02ba4.svg | Z9: 8
A10: 9 | B10: VZG | C10: Vesa v zgibi | D10: s | E10: 0 | F10: 1 | I10: <p style="text-align: justify;"><strong>VESA V ZGIBI</strong> nam daje podatek o moči in vzdržljivosti rok in ramenskega obroča. Kaže na našo sposobnost obvladovanja mase lastnega telesa, nižje vrednosti te merske naloge pa kažejo na prenizko moč rok in ramenskega obroča ter posledično tveganje neustrezne stabilizacije prsnega dela hrbtenice.</p> | J10: <p style="text-align: justify;">Merjenec vztraja v vesi na drogu s pokrčenimi rokami v podprijemu čim dlje časa. Ves čas mora imeti brado nad višino droga. Merilec sproži štoparico, ko merjenec zavzame položaj, naloga pa se zaključi, ko se z brado dotakne droga ali ko se brada spusti pod nivo droga. Merjenca med izvajanjem naloge ne smemo spodbujati, lahko pa mu v časovnih presledkih (npr. 20 sekund) povemo rezultat. Rezultat je čas drže v zgibi, izražen na 1 sekundo natančno. Če merjenec izvaja nalogo več kot 2 minuti oziroma 120 sekund, prekinemo izvajanje in zapišemo maksimalni rezultat (120). Če je drog previsok, lahko merjenec pride v veso tudi s pomočjo merilca. Merjence, ki obiskujejo nižje razrede osnovne šole, moramo med izvajanjem naloge varovati, posebno še v trenutku, ko naloge ne zmorejo več.</p> | K10: ~//Portals/MojSlofit//SlikeTestov/vesafcfe130d.jpg | L10: https://www.slofit.org/SVK-porocilo#VZG | M10: <p><strong>Vesa v zgibi</strong><br /> Vpišite rezultat v celih sekundah, npr. 1 minuta in 7 sekund vpišite kot 67.<br /> Največja vrednost (pri kateri se test prekine) je 120 (2 minuti).</p> | O10: 4 | P10: <div><b>Vesa v zgibi</b> nam daje podatek o moči in vzdržljivosti rok in ramenskega obroča. Kaže na našo sposobnost obvladovanja mase lastnega telesa, nižje vrednosti te merske naloge pa kažejo na prenizko moč rok in ramenskega obroča ter posledično tveganje neustrezne stabilizacije prsnega dela hrbtenice.</div> | W10: ~//Portals/MojSlofit//IkoneTestov/ico-vzg56c00b13.svg | Z10: 9
A11: 10 | B11: T60 | C11: Tek na 60 m | D11: s | E11: 1 | F11: 0 | I11: <p style="text-align: justify;"><strong>TEK NA 60 METROV</strong> nam daje podatek o šprinterski hitrosti, ki kaže tudi na sposobnost hitrega prenašanja impulzov našega živčnega sistema ter njegovega utrujanja. Ta sposobnost je v veliki meri prirojena, vendar je rezultat teka odvisen od več dejavnikov: učinkovitega štarta in štartnega pospeška, razvoja čim višje hitrosti teka, čim manjšega pojemka v zadnjem delu ter pravilne tehnike teka skozi cilj. Višje vrednosti te merske naloge lahko nakazujejo na slabšo prevodnost živčnega sistema, na prenizek mišični tonus spodnjega dela telesa ali na slabšo medmišično koordinacijo.</p> | J11: <p style="text-align: justify;">Tek se izvaja na vodoravni atletski stezi ali na asfaltni površini, ki ne sme biti spolzka ali kotanjasta. Merjenci so obuti v (tekaške) copate z nedrsečim podplatom. Test izvajajo enkrat, pri čemer morajo čim hitreje preteči razdaljo 60 m. Tečejo v skupini, najmanj pa v paru. Začnejo z visokim štartom. Štartna povelja so: na mesta in žvižg s piščalko. Pri žvižgu štarter na kratko in hitro zamahne z zastavico, ki jo drži vodoravno. Čas merimo s štoparico na 0,1 sekunde natančno.</p> | K11: ~//Portals/MojSlofit//SlikeTestov/tek_na_60m_popravljena.jpg | L11: https://www.slofit.org/SVK-porocilo#T60 | M11: <p><strong>Tek na 60 metrov</strong><br /> Vpišite v desetinkah sekunde, npr. 11,3 s vpišite kot 113.</p> | O11: 4 | P11: <div><b>Tek na 60 metrov</b> nam daje podatek o šprinterski hitrosti, ki kaže tudi na sposobnost hitrega prenašanja impulzov našega živčnega sistema ter njegovega utrujanja. Ta sposobnost je v veliki meri prirojena, vendar je rezultat teka odvisen od več dejavnikov: učinkovitega štarta in štartnega pospeška, razvoja čim višje hitrosti teka, čim manjšega pojemka v zadnjem delu ter pravilne tehnike teka skozi cilj. Višje vrednosti te merske naloge lahko nakazujejo na slabšo prevodnost živčnega sistema, na prenizek mišični tonus spodnjega dela telesa ali na slabšo medmišično koordinacijo.</div> | W11: ~//Portals/MojSlofit//IkoneTestov/ico-60me512f90f.svg | Z11: 10
A12: 11 | B12: T600 | C12: Tek na 600 m | D12: s | E12: 0 | F12: 0 | I12: <p style="text-align: justify;"><strong>TEK NA 600 METROV</strong> nam daje podatek o aerobni moči posameznika. Njena osnova so aerobni energijski procesi, ki so odvisni predvsem od delovanja dihalnega, srčno-žilnega sistema in krvi. Višje vrednosti te merske naloge nakazujejo na poslabšano aerobno vzdržljivost posameznika ter posledično povišano tveganje za srčno-žilna obolenja.</p> | J12: <p style="text-align: justify;">Tek se izvaja na vodoravnem krožnem tekališču (atletska steza, asfaltna ali travnata površina), ki ne sme biti spolzko ali kotanjasto, en krog pa mora meriti najmanj 120 m. Merjenci so obuti v (tekaške) copate z nedrsečim podplatom. Test izvajajo enkrat, pri čemer morajo čim hitreje preteči razdaljo 600 m. Tisti, ki razdalje ne zmorejo preteči, lahko med tekom tudi hodijo. Začnejo z visokim štartom. Štartna povelja so: na mesta in žvižg s piščalko. Pri žvižgu štarter zamahne z zastavico. Merilec mora pred tekom pojasniti, merjencem, kako razporedijo moči na progi. Čas merimo s štoparico na 1 sekundo natančno. Tisti, ki tečejo (in hodijo) več kot 5 minut, vpišemo rezultat 300, in je hkrati tudi najslabši rezultat, ki ga beležimo.</p> | K12: ~//Portals/MojSlofit//SlikeTestov/tekcbbee4a0.jpg | L12: https://www.slofit.org/SVK-porocilo#T600 | M12: <p><strong>Tek na 600 metrov</strong><br /> Vpišite rezultat v celih sekundah, npr. 3 minute in 10 sekund vpišite kot 190 (=3 X 60 +10).<br /> Če rezultat preseže 5 minut, vpišemo 300.</p> | O12: 4 | P12: <div><b>Tek na 600 metrov</b> nam daje podatek o aerobni moči posameznika. Njena osnova so aerobni energijski procesi, ki so odvisni predvsem od delovanja dihalnega, srčno-žilnega sistema in krvi. Višje vrednosti te merske naloge nakazujejo na poslabšano aerobno vzdržljivost posameznika ter posledično povišano tveganje za srčno-žilna obolenja.</div> | W12: ~//Portals/MojSlofit//IkoneTestov/ico-600m8886dc38.svg | Z12: 11
A13: 12 | B13: ITM | C13: Indeks telesne mase | D13: kg/m2 | E13: 1 | F13: 0 | H13: ATT/(ATV/100)^2 | I13: <p style="text-align: justify;"><strong>INDEKS TELESNE MASE (ITM)</strong> je splošni kazalnik sestave telesa, s katerim lahko posameznike razvrščamo v različne razrede prehranjenosti: podhranjenost, normalna prehranjenost,&nbsp;preddebelost&nbsp;in debelost. Izračuna se po enačbi: telesna masa v kilogramih deljeno s kvadratom telesne višine v metrih (kg/m&sup2;). Prekomerna prehranjenost s seboj prinaša povečana tveganja obolevanja za srčno-žilnimi in presnovnimi boleznimi ter nekaterimi vrstami rakavih obolenj.</p> | J13: <p>Zmnožek telesne mase v kilogramih in kvadratom telesne višine v metrih</p> <p style="text-align: justify;"><strong>INDEKS TELESNE MASE&nbsp;(ITM)</strong> je splošni kazalnik sestave telesa, s katerim lahko posameznike razvrščamo v različne razrede prehranjenosti: podhranjenost, normalna prehranjenost,&nbsp;preddebelost&nbsp;in debelost. Izračuna se po enačbi: telesna masa v kilogramih deljeno s kvadratom telesne višine v metrih (kg/m&sup2;). Prekomerna prehranjenost s seboj prinaša povečana tveganja obolevanja za srčno-žilnimi in presnovnimi boleznimi ter nekaterimi vrstami rakavih obolenj.&nbsp;ITM je zelo groba ocena prehranjenosti in nekateri posamezniki z višjo mišično maso se včasih znajdejo v kategoriji preddebelih, čeprav to niso. Če imamo&nbsp;ob visokem ITM-ju nizke vrednosti kožne gube nadlahti, smo&nbsp;zelo verjetno v območju normalne prehranjenosti.&nbsp;Največjim zdravstvenim tveganjem so izpostavljeni posamezniki, ki imajo ob visokem ITM tudi velik obseg pasu.</p> <h2 id="ITM">&nbsp;</h2> | K13: ~//Portals/MojSlofit//SlikeTestov/indeksea103ced.jpg | L13: https://www.slofit.org/SVK-porocilo#ITM | O13: 4 | P13: <div><strong>Indeks telesne mase (ITM)</strong> je splošni kazalnik sestave telesa, s katerim lahko posameznike razvrščamo v različne razrede prehranjenosti: podhranjenost, normalna prehranjenost,&nbsp;preddebelost&nbsp;in debelost. Izračuna se po enačbi: telesna masa v kilogramih deljeno s kvadratom telesne višine v metrih (kg/m&sup2;). Prekomerna prehranjenost s seboj prinaša povečana tveganja obolevanja za srčno-žilnimi in presnovnimi boleznimi ter nekaterimi vrstami rakavih obolenj.&nbsp;ITM je zelo groba ocena prehranjenosti in nekateri posamezniki z višjo mišično maso se včasih znajdejo v kategoriji preddebelih, čeprav to niso. Če imamo&nbsp;ob visokem ITM-ju nizke vrednosti kožne gube nadlahti, smo&nbsp;zelo verjetno v območju normalne prehranjenosti.&nbsp;Največjim zdravstvenim tveganjem so izpostavljeni posamezniki, ki imajo ob visokem ITM tudi velik obseg pasu.</div> | W13: ~//Portals/MojSlofit//IkoneTestov/ico-atv84cab2ad.svg | Z13: 2.5
A14: 13 | B14: ITZ | C14: Indeks telesne zmogljivosti | D14: centil | E14: 5 | F14: 1 | G14: Povprecje vseh izmerjenih motoričnih sposobnosti. | I14: <p style="text-align: justify;"><strong>INDEKS TELESNE ZMOGLJIVOSTI (ITZ)</strong> kaže na splošno učinkovitost telesa v gibanju z vidika vseh gibalnih sposobnosti in telesnih značilnosti posameznika hkrati. Izračunan je kot povprečna ocena vseh mer, ki določajo telesno zmogljivost, t.j. dveh telesnih mer, ki sta povezani z zdravjem (ITM &ndash; indeks telesne mase in kožna guba nadlahti) in vseh osmih gibalnih merskih nalog. Izražen je na lestvici 0 (najslabše) do 100 (najboljše), pomeni pa centilno vrednost; tako npr. ITZ=25 pomeni, da ima od učenca s tem indeksom 25 % njegovih vrstnikov slabši in 75 % vrstnikov boljšo&nbsp;telesno&nbsp;zmogljivost.</p> | J14: <p>Povprecje vseh izmerjenih motoricnih</p> <p style="text-align: justify;"><strong>INDEKS TELESNE ZMOGLJIVOSTI (ITZ)</strong> kaže na splošno učinkovitost telesa v gibanju z vidika vseh gibalnih sposobnosti in telesnih značilnosti posameznika hkrati. Izračunan je kot povprečna ocena vseh mer, ki določajo telesno zmogljivost, t.j. dveh telesnih mer, ki sta povezani z zdravjem (ITM &ndash; indeks telesne mase in kožna guba nadlahti) in vseh osmih gibalnih merskih nalog. Izražen je na lestvici 0 (najslabše) do 100 (najboljše), pomeni pa centilno vrednost; tako npr. ITZ=25 pomeni, da ima od učenca s tem indeksom 25 % njegovih vrstnikov slabši in 75 % vrstnikov boljšo telesno zmogljivost.</p> | K14: ~//Portals/MojSlofit//SlikeTestov/tekcbbee4a0.jpg | L14: https://www.slofit.org/SVK-porocilo#ITZ | O14: 4 | P14: <div><b>Indeks telesne zmogljivosti (ITZ)</b> kaže na splošno učinkovitost telesa v gibanju z vidika vseh gibalnih sposobnosti in telesnih značilnosti posameznika hkrati. Izračunan je kot povprečna ocena vseh mer, ki določajo telesno zmogljivost, t.j. dveh telesnih mer, ki sta povezani z zdravjem (ITM &ndash; indeks telesne mase in kožna guba nadlahti) in vseh osmih gibalnih merskih nalog. Izražen je na lestvici 0 (najslabše) do 100 (najboljše), pomeni pa centilno vrednost; tako npr. ITZ=25 pomeni, da ima od učenca s tem indeksom 25 % njegovih vrstnikov slabši in 75 % vrstnikov boljšo telesno zmogljivost.</div> | W14: ~//Portals/MojSlofit//IkoneTestov/ico-600m8886dc38.svg | Z14: 13
A15: 14 | B15: OP | C15: Obseg pasu | D15: cm | E15: 1 | F15: -1 | I15: <p><strong>OBSEG PASU </strong>nam daje informacijo o količini globokega maščevja. Višje vrednosti kažejo na povečano zdravstveno tveganje z vidika obolevanja za srčno-žilnimi in presnovnimi boleznimi.</p> | J15: <p>Zaželeno je, da merjenje izvedemo zjutraj na tešče. Merjenec stoji vzravnano, stopala so vzporedno. Merilec ovije trak okrog merjenčevega pasu na golo kožo ali prek oprijetih oblačil. Obseg izmeri v vodoravni ravnini na sredini med najnižjim rebrom in črevničnim grebenom (iliac crest). Med meritvijo se mora merilni trak prilegati telesu, tako da ne tišči merjenca.</p> | K15: ~//Portals/MojSlofit//SlikeTestov/obseg_pasu_popravljena691a9baf.jpg | L15: https://www.slofit.org/slofit-nasvet | M15: <strong>Obseg pasu</strong><br /> Vpišite rezultat v centimetrih (na 0,1 cm natančno). | O15: 4 | P15: <div><b>Obseg pasu</b> je eden od kazalnikov sestave telesa, pri odraslih pa pokazatelj kopičenja globokega maščevja v centralnem delu telesa pomeni zdravstveno tveganje za obolevanje za srčno-žilnimi in presnovnimi boleznimi.</div> | R15: 60 | S15: 140 | T15: 60 | U15: 140 | V15: 10 | W15: ~//Portals/MojSlofit//IkoneTestov/OP22ef4372.png | Z15: 2.7
A16: 15 | B16: TH6M | C16: 6-minutni test hoje | D16: m | E16: 0 | F16: 1 | I16: <p><strong>6-MINUTNI TEST HOJE </strong>nam daje informacijo o srčno-dihalni vzdržljivosti posameznika, sposobnosti prenosa kisika do mišic in njegove izrabe v aerobnih procesih. Močno srce, ožilje in pljuča olajšajo vsakodnevne napore, prav tako pa je visoka raven aerobne moči povezana z zmanjšanjem tveganja za nastanek nenalezljivih kroničnih bolezni in prezgodnjo smrt. Višje vrednosti te merske naloge nakazujejo na poslabšano srčno-dihalno vzdržljivost posameznika ter posledično povišano tveganje za srčno-žilna obolenja.</p> | J16: <p>Merjenci začnejo mersko nalogo pri startnem stožcu (0 m), ki jih ga določi merilec. Na povelje &raquo;Zdaj!&laquo; začnejo hoditi v smeri urinega kazalca okoli stožcev, kakor hitro zmorejo, in tako hodijo 6 minut. &nbsp;Po preteku 6 minut merilec merjence ustavi in ugotovi prehojeno razdaljo.</p> | M16: <p><strong>6-minutni test hoje</strong><br /> Vpišite rezultat v metrih.</p> | O16: 4 | P16: <div><b>6-minutni test hoje</b> nam daje podatek o srčno-dihalni vzdržljivosti posameznika, ki predstavlja sposobnost prenosa kisika do mišic in njegove izrabe v aerobnih procesih. Krajša prehojena razdalja pri tej nalogi kaže na poslabšano aerobno vzdržljivost posameznika in s tem povišano tveganje za srčno-žilna obolenja in prezgodnjo smrt.</div> | R16: 300 | S16: 1000 | T16: 300 | U16: 1000 | V16: 100 | W16: ~//Portals/MojSlofit//IkoneTestov/TH6M90c35a5d.png | Z16: 11.5
A17: 16 | B17: ST | C17: Sorensenov test | D17: s | E17: 0 | F17: 1 | I17: <p><strong>SORENSONOV TEST </strong>nam daje informacijo o vzdržljivosti mišic iztegovalk trupa, s tem pa napoved bolečine v spodnjem delu hrbta. Dobro razvita tovrstna mišična vzdržljivost je pomembna za preprečevanje poškodb, saj omogoča ustrezno telesno držo, zdravje spodnjega dela hrbtenice in celotno delovanje telesa.</p> | J17: <p>Merjenec leži na pokrovu švedske skrinje na trebuhu, tako da sta zgornja roba črevničnih grebenov poravnana z robom skrinje. Merilec prime merjenca za gležnje. Pred začetkom izvajanja merske naloge se merjenec opira z rokami na tla. Naloga merjenca je, da s prekrižanimi rokami na prsih čim dlje izometrično zadrži nepodprt zgornji del telesa v vodoravnem položaju. Merilec meri s štoparico čas pravilnega vztrajanja v opisanem položaju. Ko merjenec ne zmore več zadržati pravilni položaj ali najkasneje po 240 sekundah merilec prekine izvajanje merske naloge.</p> | M17: <p><strong>Sorensonov test</strong><br /> Vpišite rezultat v sekundah.</p> | O17: 4 | P17: <div><b>Sorensonov test</b> nam daje informacijo o vzdržljivosti mišic iztegovalk trupa, s tem pa napoved bolečine v spodnjem delu hrbta. Dobro razvita tovrstna mišična vzdržljivost je pomembna za preprečevanje poškodb, saj omogoča ustrezno telesno držo, zdravje spodnjega dela hrbtenice in celotno delovanje telesa.</div> | R17: 0 | S17: 240 | T17: 0 | U17: 240 | V17: 10 | Z17: 7.5
A18: 17 | B18: SP | C18: Stisk pesti | D18: kg | E18: 1 | F18: 1 | I18: <p><strong>STISK PESTI </strong>nam daje informacijo o največji moči mišic dlani, zapestja in podlahti. Dobra moč ročnega prijema je pomembna za vsakodnevno življenje. Praviloma so ljudje z močnimi rokami močni tudi v drugih delih telesa. Nižje vrednosti te merske naloge nakazujejo na premajhno mišično moč, ki je lahko tudi posledica izgube mišične mase (sarkopenija).</p> | J18: <p>Merilec preveri, ali je kazalec dinamometra na ničli. Merjenec sede na stol z rokami ob telesu in prime dinamometer v dominantno roko, ki jo nato pokrči za 90 stopinj ter postopoma stisne dinamometer kolikor zmore. Merjenec izvede nalogo trikrat.</p> | M18: <p><strong>Stisk pesti </strong><br /> Rezultat zapišemo na desetinko kilograma natančno.</p> | O18: 4 | P18: <div><b>Stisk pesti</b> nam daje podatek o največji moči posameznika. Ta je v kombinaciji z drugimi gibalnimi sposobnostmi pomembna za vsakodnevno življenje, zlasti kakovosten in neodvisen način življenja tudi v starosti.</div> | R18: 10 | S18: 75 | T18: 10 | U18: 50 | V18: 5 | W18: ~//Portals/MojSlofit//IkoneTestov/SP48f133aa.png | Z18: 9.5
A19: 18 | B19: PS | C19: Predklon sede | D19: cm | E19: 0 | F19: 1 | I19: <p><strong>PREDKLON SEDE </strong>nam daje informacijo o gibljivosti nog in spodnjega dela hrbtenice. Nizke vrednosti te merske naloge kažejo na prekratke zadnje stegenske mišice, kar predstavlja povišano tveganje poškodb pri sunkovitih gibih nog ter nezmožnost izvajanja gibanj nog s celotno amplitudo, pa tudi na zmanjšano gibljivost spodnjega dela hrbtenice. Hkrati je nizek rezultat tega testa lahko pokazatelj izpostavljenosti povišanem stresu, ki povečuje mišični tonus. Grobo merilo ustrezne gibljivosti nog in spodnjega dela hrbtenice je sposobnost, da smo se ob stegnjenih nogah sposobni s prsti rok dotakniti prstov nog.</p> | J19: <p>Merjenec opravlja nalogo brez obutve, na voljo ima dve ponovitvi. S stegnjenimi nogami sonožno sedi pred škatlo, z vso površino stopal pa je oprt v škatlo. Z rokami v predročenju (na točki 0 cm) se predkloni, tako da počasi potiska dlani čim dlje po merilni skali, pri tem pa so roke in noge popolnoma stegnjene. V končnem položaju zadrži predklon tako dolgo, da merilec odčita rezultat.</p> | M19: <p><strong>Predklon sede</strong><br /> Rezultat zapišemo na centimeter natančno.</p> | O19: 4 | P19: <div><b>Predklon sede</b> nam daje podatek o gibljivosti nog in spodnjega dela hrbtenice. Nizke vrednosti naloge kažejo na prekratke zadnje stegenske mišice in zmanjšano gibljivost spodnjega dela hrbtenice. To predstavlja povišano tveganje poškodb pri sunkovitih gibih nog in nezmožnost izvajanja gibanj nog s celotno amplitudo.</div> | R19: 0 | S19: 55 | T19: 0 | U19: 55 | V19: 5 | W19: ~//Portals/MojSlofit//IkoneTestov/PSbbfcc814.jpg | Z19: 8.5
A20: 19 | B20: NS | C20: Navpični skok | D20: cm | E20: 0 | F20: 1 | I20: <p><strong>NAVPIČNI SKOK </strong>nam daje informacijo o eksplozivni moči nog, ki kaže na našo sposobnost proizvajanja maksimalne sile. Nižje vrednosti te merske naloge lahko nakazujejo na premajhno mišično moč stegenskih mišic ali slabšo koordinacijo rok in nog pri odrivu. V kombinacijami z ostalimi gibalnimi sposobnostmi je ta sposobnost pomembna za ohranjanje vitalnosti v pozno starost. Pri padcu ali izgubi ravnotežja nam omogoča boljše obvladovanje takšnih okoliščin.&nbsp;&nbsp; &nbsp;</p> | J20: <p>Merjenec stopi bočno ob steno, tako da je njegova dominanta roka bližje steni in vzporedna z merilnim trakom na steni. Vzpne se na prste in hkrati vzroči dominanto roko, tako da se konice prstov v najvišjem položaju dotaknejo traku ob steni. Merilec odčita vrednost (dosežne višine) na centimeter natančno in ta rezultat zabeleži. Merjenec si namaže konice prstov dominantne roke s kredo in stopi 10 centimetrov od stene (še vedno je bočno ob steni in vzporedno z merilnim trakom). S sonožnim odrivom in pomočjo zamaha z rokami skoči čim višje ter se v najvišji točki leta s konicami prstov dominantne roke dotakne merilnega traku. Merilec odčita rezultat najvišjega &raquo;odtisa krede&laquo; na merilnem traku in izračuna višino skoka. Merjenec ima na voljo tri poskuse, v zbirko pa se zabeleži samo najboljši rezultat.</p> | M20: <p><strong>Navpični skok</strong><br /> Rezultat zapišemo na centimeter natančno.</p> | O20: 4 | P20: <div><b>Navpični skok</b> je kazalnik eksplozivne moči nog. Tako lahko ocenimo posameznikovo sposobnost proizvajanja maksimalne sile, ki je pomembna pri vsakdanjih opravilih. Nižji rezultat nakazuje na premajhno moč stegenskih mišic ali slabo koordinacijo rok in nog pri odrivu.</div> | R20: 10 | S20: 95 | T20: 10 | U20: 85 | V20: 5 | W20: ~//Portals/MojSlofit//IkoneTestov/NS9f148f1f.png | Z20: 5.5
A21: 20 | B21: TT | C21: T-test | D21: s | E21: 1 | F21: 0 | I21: <p><strong>T-TEST </strong>nam daje informacijo o agilnosti, t.j. sposobnosti hitrega spreminjanja hitrosti in smeri gibanja celega telesa v prostoru. Ta gibalna sposobnost nam pride prav pri vrsti telesnih dejavnosti in v vsakdanjem življenju (npr. tudi pri preprečevanju poškodb v nepredvidljivih okoliščinah). S starostjo vse navedene sposobnosti upadajo, zato starejši ljudje za izvedbo te merske naloge običajno potrebujejo več časa. Nižje vrednosti nakazujejo na slabšo usklajenost gibanja.</p> | J21: <p paraeid="{5d5383f5-4bc6-42b6-898d-f2cde46e7065}{179}" paraid="793410085">Merjenec na znak merilca z visokega štarta čim hitreje steče po poligonu v obliki črke T po opredeljenem načinu gibanja: najprej naravnost naprej, s prisunskimi koraki in vzratno, pri čemer se mora vmes dotikati oznak (stožcev). Merilec ustavi štoparico, ko merjenec prestopi štartno-ciljno črto.</p> | M21: <p><strong>T-test</strong><br /> Rezultat zapišemo na desetinko sekunde natančno.</p> | O21: 4 | P21: <div><b>T-test</b> nam daje informacijo o agilnosti, t.j. sposobnosti hitrega spreminjanja hitrosti in smeri gibanja celega telesa v prostoru. Ta gibalna sposobnost nam pride prav pri vrsti telesnih dejavnosti in v vsakdanjem življenju (npr. tudi pri preprečevanju poškodb v nepredvidljivih okoliščinah). S starostjo vse navedene sposobnosti upadajo, zato starejši ljudje za izvedbo te merske naloge običajno potrebujejo več časa. Nižje vrednosti nakazujejo na slabšo usklajenost gibanja.</div> | R21: 8 | S21: 15 | T21: 8 | U21: 30 | V21: 1 | Z21: 4.5
A22: 26 | B22: UT | C22: Upogibanje trupa | D22: pon. | E22: 0 | F22: 1 | O22: 4 | P22: <div><b>Upogibanje trupa</b> nam daje podatek o vzdržljivosti v moči upogibalk trupa in kolka, ki so pomembne pri stabilizaciji trupa. Nižje število ponovitev kaže na povišano tveganje za poškodbe in pojav bolečin v spodnjem delu hrbta.</div> | R22: 0 | S22: 45 | T22: 0 | U22: 45 | V22: 5 | W22: ~//Portals/MojSlofit//IkoneTestov/UTdc2cac75.png | Z22: 7.5
A23: 27 | B23: OSM | C23: Tek v osmici | D23: s | E23: 1 | F23: 0 | O23: 4 | P23: <div><b>Tek v osmici</b> je pokazatelj agilnosti, t.j. sposobnosti hitrega spreminjanja hitrosti in smeri gibanja celega telesa v prostoru. Višje vrednosti predstavljajo povečano tveganje za poškodbe pri reševanju nepričakovanih gibalnih situacij.</div> | R23: 4 | S23: 9 | T23: 4 | U23: 14 | V23: 1 | W23: ~//Portals/MojSlofit//IkoneTestov/OSMb50be99d.png | Z23: 6.5
A24: 28 | B24: VSS | C24: Vstajanje s stola | D24: pon. | E24: 0 | F24: 1 | I24: <p paraeid="{7991bce4-c3bc-40d4-a0fd-d8eb332738b8}{170}" paraid="1271652344"><strong>VSTAJANJE S STOLA</strong> nam daje informacijo o vzdržljivosti mišic nog.&nbsp;</p> | J24: <p>Merjenec sedi na stolu ob steni z rokami prekrižanimi na prsih in s stopali v širini ramen. S hrbtom je naslonjen na naslonjalo stola. Na znak se iz sedečega položaja vstane v popoln stoječ položaj in se usede nazaj. Merjenec izvede čim več ponovitev v 30 sekundah.</p> | M24: <strong>Vstajanje s stola</strong><br /> Vpišite število popolnih ponovitev. | O24: 4 | P24: <div><b>Vstajanje s stola</b> nam daje informacijo o vzdržljivosti mišic nog.</div> | R24: 0 | S24: 60 | T24: 0 | U24: 60 | V24: 5 | Z24: 11.8
A25: 29 | B25: UK | C25: Upogib komolca | D25: pon. | E25: 0 | F25: 1 | I25: <p paraeid="{7991bce4-c3bc-40d4-a0fd-d8eb332738b8}{208}" paraid="1723496446">UPOGIB KOMOLCA nam daje informacijo o vzdržljivosti mišic rok.&nbsp;</p> | J25: <p>Merjenec sedi na robu stola in v dominantni (močnejši) roki ob telesu drži utež, ki tehta 3,5 kg za moške in 2,5 kg za ženske. Merjenec v popolnem obsegu izvede upogib komolca, tako da na koncu giba dlan obrne proti stropu (supinacija). Nato se z iztegom komolca vrne v začetni položaj. Merjenec izvede čim več ponovitev v 30 sekundah.&nbsp;</p> | M25: <strong>Upogib komolca</strong><br /> Vpišite rezultat popolnih ponovitev. | O25: 4 | P25: <div><b>Upogib komolca</b> nam daje informacijo o vzdržljivosti mišic rok.</div> | R25: 0 | S25: 60 | T25: 0 | U25: 60 | V25: 5 | Z25: 7.8
A26: 31 | B26: DS | C26: Doseg sede | D26: cm | E26: 1 | F26: 0 | I26: <p paraeid="{bddf16a4-3736-43d6-8f34-8621e1559eb2}{1}" paraid="1299973924">DOSEG SEDE nam daje informacijo o gibljivosti spodnjega dela telesa.&nbsp;</p> | J26: <p paraeid="{bddf16a4-3736-43d6-8f34-8621e1559eb2}{11}" paraid="598515592">Merjenec sedi na robu stola z eno nogo pokrčeno v kolenu in stopalom na tleh, druga noga pa je iztegnjena s peto na tleh in stopalom pravokotno na golenico. Roki sta položeni ena na drugo, tako da se sredinca obeh dlani prekrivata. Merjenec vdihne in se z izdihom s konicami prstov približa prstom na iztegnjeni nogi, pri čemer vzdržuje raven hrbet in glavo pokonci. Končni položaj zadrži 2 sekundi. Merilec odčita razdaljo na centimeter natančno od sredinca do konice obuvala. Če se konice prstov dotikajo konice obuvala je rezultat 0; če so nad konico obuvala, je pred rezultatom znak minus, če so pod konico obuvala, se rezultat zapiše s predznakom plus.&nbsp;&nbsp;</p> | M26: <strong>Doseg sede</strong><br /> Vpišite rezultat na centimeter natančno. | O26: 4 | P26: <div><b>Doseg sede</b> nam daje informacijo o gibljivosti spodnjega dela telesa.</div> | R26: -50 | S26: 30 | T26: -50 | U26: 30 | V26: 5 | Z26: 8.8
A27: 32 | B27: PH | C27: Praskanja hrbta | D27: cm | E27: 1 | F27: 0 | I27: <p paraeid="{bddf16a4-3736-43d6-8f34-8621e1559eb2}{35}" paraid="59400653"><strong>PRASKANJE&nbsp;HRBTA</strong> nam daje informacijo o gibljivosti ramenskega obroča.&nbsp;</p> | J27: <p paraeid="{bddf16a4-3736-43d6-8f34-8621e1559eb2}{45}" paraid="1664842618">Merjenec stoji tako, da položi eno roko za vrat in s prsti drsi po hrbti navzdol, drugo roko pa na hrbet in z njo drsi navzgor. Z drsenjem dlani po hrbtu skuša prekrižati prste obeh rok. Na vsaki strani merjenec opravi dva poskusa, nato pa izbere bolj gibljivo stran, kjer se rezultat odčita po prvem poskusu. Merilec odčita razdaljo med konicama srednjih prstov na centimeter natančno. Če se konici prstov dotikata, je rezultat 0; če se ne dotikata, je pred rezultatom znak minus; če se prekrivata, pa je pred rezultatom znak plus.&nbsp;</p> | M27: <strong>Test praskanja hrbta</strong><br /> Vpišite rezultat na centimeter natančno z ustreznim predznakom (minus ali plus). | O27: 4 | P27: <div><b>Praskanje hrbta</b> nam daje informacijo o gibljivosti ramenskega obroča. </div> | R27: -50 | S27: 30 | T27: -50 | U27: 30 | V27: 5 | Z27: 8.9
A28: 33 | B28: VIP | C28: Vstani in pojdi | D28: s | E28: 1 | F28: 0 | I28: <p paraeid="{bddf16a4-3736-43d6-8f34-8621e1559eb2}{103}" paraid="1129916049"><strong>VSTANI IN POJDI</strong> nam daje informacijo o koordinaciji gibanja telesa, ravnotežju in agilnosti.</p> | J28: <p paraeid="{bddf16a4-3736-43d6-8f34-8621e1559eb2}{111}" paraid="2036710248">Merjenec z rokama na stegnih sedi na stolu, ki je postavljen ob steno. Na razdalji 2,4 metra je postavljen klobuček. Naloga merjenca je, da na znak v čim krajšem času prehodi zahtevano razdaljo (okoli klobučka) in se vrne v začetni položaj. Rezultat testa je čas, ki ga merjenec potrebuje za izvedbo naloge.&nbsp;</p> | M28: <strong>Vstani in pojdi</strong><br /> Vpišite rezultat na desetinko sekunde natančno. | O28: 4 | P28: <div><b>Vstani in pojdi</b> nam daje informacijo o koordinaciji gibanja telesa, ravnotežju in agilnosti.</div> | R28: 0 | S28: 30 | T28: 0 | U28: 30 | V28: 5 | Z28: 6.8
A29: 34 | B29: TS2M | C29: Stopanje na mestu 2 min. | D29: pon. | E29: 0 | F29: 1 | I29: <p paraeid="{bddf16a4-3736-43d6-8f34-8621e1559eb2}{241}" paraid="220081021"><strong>STOPANJE&nbsp;NA MESTU 2 min </strong>nam daje informacijo o srčno-dihalni vzdržljivosti posameznika, sposobnosti prenosa kisika do mišic in njegove izrabe v aerobnih procesih. Močno srce, ožilje in pljuča olajšajo vsakodnevne napore, prav tako pa je visoka raven aerobne moči povezana z zmanjšanjem tveganja za nastanek nenalezljivih kroničnih bolezni in prezgodnjo smrt.&nbsp;&nbsp;</p>_x005F_x000D_ | J29: <p paraeid="{18e9cfd9-fb3b-47df-a150-94b7ebf59ebf}{18}" paraid="1139488741">Merjenec stoji ob steni, na kateri označimo višino med pogačico in črevničnim grebenom. Naloga merjenca je, da 2 minuti na mestu dviguje kolena do višine oznake na steni. Pri vsakem koraku se mora merjenec s celotnim podplatom dotakniti tal. Merilec šteje dvige desnega kolena do označene višine ter vsakih 30 sekund sporoči merjencu, koliko časa še ima na voljo.&nbsp;&nbsp;</p>_x005F_x000D_ | M29: <p><strong>Stopanje&nbsp;na mestu 2 min.</strong><br />_x005F_x000D_ Vpišite rezultat popolnih ponovitev.</p>_x005F_x000D_ | O29: 4 | P29: <div><b>Stopanje na mestu 2 min</b> nam daje informacijo o srčno-dihalni vzdržljivosti posameznika, sposobnosti prenosa kisika do mišic in njegove izrabe v aerobnih procesih. Močno srce, ožilje in pljuča olajšajo vsakodnevne napore, prav tako pa je visoka raven aerobne moči povezana z zmanjšanjem tveganja za nastanek nenalezljivih kroničnih bolezni in prezgodnjo smrt.</div> | R29: 0 | S29: 300 | T29: 0 | U29: 300 | V29: 20 | Z29: 11.8
A30: 35 | B30: TSS | C30: Tek s spremembami smeri | D30: stopenj | E30: 1 | F30: 1 | I30: <p><strong>TEK S SPREMEMBAMI SMERI</strong> (angl. 20-m shuttle run) kaže srčno-dihalno zmogljivost. Ta je bistvena za dolgotrajnešo opravljanje visoko intenzivne telesne dejavnosti in je ključna sestavina telesne zmogljivosti z vidika ocene in napovedovanja zdravstvenega stanja.</p> | J30: <p>Na tleh označeni dve črti, ki sta oddaljeni 20 metrov. Zvočni signal (pisk) označuje začetek testa. Otroci nato tečejo do nasprotne črte, ki jo morajo doseči, preden se oglasi naslednji signal. Ko se oglasi naslednji signal, otrok spet teče na nasprotni konec. Začetna hitrost je nastavljena na 8,5 km/h in se v vsaki približno 1-minutni fazi povečuje za 0,5 km/h. Cilj je čim dlje slediti ritmu zvočnih znakov. Test se konča, ko merjenec ne more več slediti nastavljenemu ritmu ali se počuti nezmožnega dokončati enominutnega obdobja. Ta test se izvede samo enkrat. Rezultat se zabeleži kot zadnja polovica stopnje, ki jo je otrok dokončal, npr. rezultat 6,5 stopnje.</p> | K30: ~//Portals/MojSlofit//SlikeTestov/tekcbbee4a0f2ce0b23.jpg | M30: <p><strong>Tek s spremembami smeri</strong><br /> Vpišite v stopnjah, npr. za šest in pol stopnje vpišiete 65 (=6,5).</p> | O30: 4 | P30: <p>&lt;div&gt;&lt;b&gt;Tek s spremembami smeri&lt;/b&gt; &nbsp;kaže srčno-dihalno zmogljivost (splošno vzdržjivost telesa za dolgotrajnejše opravljanje vidoko intenzivne telesne dejavnosti). Nižje (slabše) vrednosti te merske naloge nakazujejo na povišano tveganje za nastanek nekaterih bolezni (koronarna bolezen srca, sladkorna bolezen tipa 2, kronična obstruktivna pljučna bolezen idr.).&lt;/div&gt;</p> | W30: ~//Portals/MojSlofit//IkoneTestov/ico-600m8886dc38526088b1.svg | Z30: 11.7

Sheet Regije
A1: ID | B1: Name | E1: x1 | F1: x2
A2: 9 | B2: Gorenjska | E2: Gorenjska | F2: 45
A3: 11 | B3: Goriška | E3: Goriška | F3: 43
A4: 7 | B4: Jugovzhodna Slovenija | E4: Jugovzhodna Slovenija | F4: 47
A5: 3 | B5: Koroška | E5: Koroška | F5: 19
A6: 12 | B6: Obalno-kraška | E6: Obalno-kraška | F6: 27
A7: 8 | B7: Osrednjeslovenska | E7: Osrednjeslovenska | F7: 61
A8: 2 | B8: Podravska | E8: Podravska | F8: 79
A9: 1 | B9: Pomurska | E9: Pomurska | F9: 37
A10: 6 | B10: Posavska | E10: Posavska | F10: 30
A11: 10 | B11: Primorsko-notranjska | E11: Primorsko-notranjska | F11: 17
A12: 4 | B12: Savinjska | E12: Savinjska | F12: 64
A13: 5 | B13: Zasavska | E13: Zasavska | F13: 9
